"I failed the midterm, my entire academic career is ruined.",All-or-Nothing Thinking
"If I don't get an A on this paper, I am a total failure.",All-or-Nothing Thinking
"Everyone in this dorm has friends except me.",All-or-Nothing Thinking
"I will never understand coding, I'm just completely stupid.",All-or-Nothing Thinking
"My life is always a mess, nothing ever goes right.",All-or-Nothing Thinking
"She didn't text back, so our friendship is completely over.",All-or-Nothing Thinking
"I’m the only one who can’t handle the workload.",All-or-Nothing Thinking
"If I’m not the best in the class, then I’m a total loser.",All-or-Nothing Thinking
"This project is garbage, I have to delete it all and start over.",All-or-Nothing Thinking
"I’ll be alone forever.",All-or-Nothing Thinking
"Nobody respects me.",All-or-Nothing Thinking
"I always say the wrong thing.",All-or-Nothing Thinking
"Every time I try to study, I fail completely.",All-or-Nothing Thinking
"I’m never gonna get a job with this GPA.",All-or-Nothing Thinking
"It’s perfect or it’s worthless.",All-or-Nothing Thinking
"Everyone else is so much smarter than me.",All-or-Nothing Thinking
"I’m a complete waste of space.",All-or-Nothing Thinking
"Everything is falling apart rn.",All-or-Nothing Thinking
"I never get invited to parties.",All-or-Nothing Thinking
"There is absolutely no point in trying anymore.",All-or-Nothing Thinking
"I’m totally incompetent.",All-or-Nothing Thinking
"If I eat this pizza, I’ve completely ruined my diet.",All-or-Nothing Thinking
"My parents will never be proud of me.",All-or-Nothing Thinking
"I always embarrass myself in public.",All-or-Nothing Thinking
"Nothing good ever happens to me.",All-or-Nothing Thinking
"I’m completely absolutely done with this semester.",All-or-Nothing Thinking
"Everyone hates me.",All-or-Nothing Thinking
"I’ll never pay off these student loans.",All-or-Nothing Thinking
"I’m 100% sure I’m going to fail out of college.",All-or-Nothing Thinking
"Nobody understands what I'm going through.",All-or-Nothing Thinking
"This is the worst day of my entire life.",All-or-Nothing Thinking
"I’m totally useless.",All-or-Nothing Thinking
"I always procrastinate, I’m such a lazy idiot.",All-or-Nothing Thinking
"If I can't do this perfectly, I shouldn't do it at all.",All-or-Nothing Thinking
"My future is completely hopeless.",All-or-Nothing Thinking
"I’m never gonna find a boyfriend.",All-or-Nothing Thinking
"Everyone else has their life together but me.",All-or-Nothing Thinking
"I’m a total fraud.",All-or-Nothing Thinking
"I’ll never be happy.",All-or-Nothing Thinking
"Every single professor here is out to get me.",All-or-Nothing Thinking
"I messed up one question, the whole exam is a disaster.",All-or-Nothing Thinking
"I’m completely alone in this world.",All-or-Nothing Thinking
"I never finish anything I start.",All-or-Nothing Thinking
"My roommate hates everything I do.",All-or-Nothing Thinking
"I’m a total burden to my family.",All-or-Nothing Thinking
"Everything feels impossible.",All-or-Nothing Thinking
"I’ll never be good enough for med school.",All-or-Nothing Thinking
"Everyone is judging me right now.",All-or-Nothing Thinking
"I’m completely invisible to everyone.",All-or-Nothing Thinking
"It’s all my fault.",All-or-Nothing Thinking
"The professor looked at me, he definitely thinks I'm dumb.",Mind Reading
"She’s ignoring my text because she hates me.",Mind Reading
"I know they are laughing at my presentation behind my back.",Mind Reading
"I’m gonna fail this exam, I just know it.",Mind Reading
"My roommate is quiet, he must be mad at me.",Mind Reading
"They think I'm weird.",Mind Reading
"The interviewer didn't smile, I definitely didn't get the job.",Mind Reading
"Everyone thinks I’m a slacker.",Mind Reading
"She thinks I'm ugly.",Mind Reading
"I know my parents are disappointed in me.",Mind Reading
"They invited me just out of pity.",Mind Reading
"He probably thinks I'm annoying.",Mind Reading
"The TA definitely thinks I cheated.",Mind Reading
"I just know something bad is gonna happen today.",Mind Reading
"They are whispering about my outfit.",Mind Reading
"She thinks I'm not smart enough for this major.",Mind Reading
"My friends probably think I'm boring.",Mind Reading
"The cashier was rude, she definitely hates students.",Mind Reading
"I know I’m gonna say something stupid.",Mind Reading
"Everyone is looking at my acne.",Mind Reading
"He thinks I'm desperate.",Mind Reading
"My group partners think I'm lazy.",Mind Reading
"I bet they are talking about me right now.",Mind Reading
"The prof thinks I’m wasting his time.",Mind Reading
"She didn't say hi, she must be angry.",Mind Reading
"I know they don't want me there.",Mind Reading
"Everyone thinks I'm a fraud.",Mind Reading
"He thinks I'm not good enough for him.",Mind Reading
"They are judging my accent.",Mind Reading
"I know I’m going to get rejected.",Mind Reading
"My mom thinks I'm a failure.",Mind Reading
"They probably think I'm poor.",Mind Reading
"She thinks I'm trying too hard.",Mind Reading
"I know the audience is bored.",Mind Reading
"He thinks I'm crazy.",Mind Reading
"Everyone assumes I'm stupid because of my grades.",Mind Reading
"They think I have no life.",Mind Reading
"The barista definitely judged my order.",Mind Reading
"I know they are secretly making fun of me.",Mind Reading
"She thinks I'm awkward.",Mind Reading
"My boss thinks I'm incompetent.",Mind Reading
"They probably hate sitting next to me.",Mind Reading
"I know I'm gonna trip on stage.",Mind Reading
"He thinks I'm too loud.",Mind Reading
"They are judging my lunch.",Mind Reading
"She thinks I'm weird for sitting alone.",Mind Reading
"Everyone thinks I don't belong here.",Mind Reading
"I bet they think I'm a loser.",Mind Reading
"I know I'm gonna mess this up.",Mind Reading
"I'm so exhausted today.",Neutral / Venting
"I got a C on the calc quiz.",Neutral / Venting
"My laptop broke and I can't afford to fix it.",Neutral / Venting
"I miss my dog so much.",Neutral / Venting
"The cafeteria food was really bad today.",Neutral / Venting
"I have too much homework this week.",Neutral / Venting
"I'm feeling pretty anxious about the presentation.",Neutral / Venting
"My roommate left dishes in the sink again.",Neutral / Venting
"I didn't get the internship I wanted.",Neutral / Venting
"It’s raining and I forgot my umbrella.",Neutral / Venting
"I'm really stressed about money rn.",Neutral / Venting
"I feel kinda lonely.",Neutral / Venting
"My back hurts from sitting in the library all day.",Neutral / Venting
"I wish I had studied more for that test.",Neutral / Venting
"This assignment is really difficult.",Neutral / Venting
"I’m tired of eating instant noodles.",Neutral / Venting
"I slept through my alarm this morning.",Neutral / Venting
"I'm not feeling motivated today.",Neutral / Venting
"My head hurts.",Neutral / Venting
"I argued with my mom on the phone.",Neutral / Venting
"The bus is late again.",Neutral / Venting
"I feel overwhelmed by everything.",Neutral / Venting
"I got rejected from the club.",Neutral / Venting
"My wifi keeps cutting out.",Neutral / Venting
"I’m sad that my friends went out without me.",Neutral / Venting
"This textbook makes no sense.",Neutral / Venting
"I'm just really burned out.",Neutral / Venting
"My scholarship check is late.",Neutral / Venting
"I don't know how to solve this problem.",Neutral / Venting
"I feel a bit homesick.",Neutral / Venting
"It’s super cold in my dorm room.",Neutral / Venting
"I have a headache.",Neutral / Venting
"I spilled coffee on my shirt.",Neutral / Venting
"I need to find a job soon.",Neutral / Venting
"I'm worried about my grades.",Neutral / Venting
"The library is too loud today.",Neutral / Venting
"I gained some weight recently.",Neutral / Venting
"I'm not ready for finals.",Neutral / Venting
"My phone screen cracked.",Neutral / Venting
"I feel kinda down.",Neutral / Venting
"I have to skip lunch to study.",Neutral / Venting
"I’m frustrated with this group project.",Neutral / Venting
"I miss my friends from home.",Neutral / Venting
"I have 8am classes every day.",Neutral / Venting
"I'm really broke until next week.",Neutral / Venting
"I just want to sleep.",Neutral / Venting
"I'm struggling with this essay.",Neutral / Venting
"The professor talks too fast.",Neutral / Venting
"I feel like crying.",Neutral / Venting
"Everything is just really hard right now.",Neutral / Venting
"Я полностью провалил экзамен, я полный идиот.",All-or-Nothing Thinking
"Мен ешқашан жұмыс таба алмаймын.",All-or-Nothing Thinking
"Everyone hates me.",All-or-Nothing Thinking
"Если я не сдам этот тест, моя жизнь кончена.",All-or-Nothing Thinking
"Мен ешқашан бақытты болмаймын.",All-or-Nothing Thinking
"Nobody understands me.",All-or-Nothing Thinking
"Я всегда все порчу.",All-or-Nothing Thinking
"Бәрі мені жек көреді.",All-or-Nothing Thinking
"It's perfect or it's nothing.",All-or-Nothing Thinking
"Я никогда не буду достаточно хорош.",All-or-Nothing Thinking
"Менің өмірім толығымен құрыды.",All-or-Nothing Thinking
"Every time I try, I fail completely.",All-or-Nothing Thinking
"Никто меня не любит.",All-or-Nothing Thinking
"Ешкім мені сыйламайды.",All-or-Nothing Thinking
"I'm a total failure.",All-or-Nothing Thinking
"Я абсолютно бесполезен.",All-or-Nothing Thinking
"Мен ешқашан үйленбеймін.",All-or-Nothing Thinking
"Everyone is smarter than me.",All-or-Nothing Thinking
"Я всегда делаю ошибки.",All-or-Nothing Thinking
"Бәрі мені күлкіге айналдырады.",All-or-Nothing Thinking
"Nothing ever goes right for me.",All-or-Nothing Thinking
"Я никогда не смогу это выучить.",All-or-Nothing Thinking
"Мен мүлдем ақымақпын.",All-or-Nothing Thinking
"I'll be alone forever.",All-or-Nothing Thinking
"Я потерял стипендию, теперь я бомж.",All-or-Nothing Thinking
"Менің болашағым жоқ.",All-or-Nothing Thinking
"My life is a complete disaster.",All-or-Nothing Thinking
"Если я не получу 100 баллов, я тупой.",All-or-Nothing Thinking
"Ешқашан ешкімге сенбеу керек.",All-or-Nothing Thinking
"Everyone ignores me.",All-or-Nothing Thinking
"Я всегда буду бедным.",All-or-Nothing Thinking
"Мен ешқашан емтиханнан өтпеймін.",All-or-Nothing Thinking
"I ruin everything I touch.",All-or-Nothing Thinking
"Никто никогда не захочет со мной встречаться.",All-or-Nothing Thinking
"Бәрі мені тастап кетті.",All-or-Nothing Thinking
"It's always my fault.",All-or-Nothing Thinking
"Я никогда не стану профессионалом.",All-or-Nothing Thinking
"Мен ешқашан ағылшын тілін үйренбеймін.",All-or-Nothing Thinking
"Everyone is against me.",All-or-Nothing Thinking
"Моя жизнь не имеет смысла.",All-or-Nothing Thinking
"Мен толығымен үмітсізбін.",All-or-Nothing Thinking
"I'm completely worthless.",All-or-Nothing Thinking
"Я всегда буду неудачником.",All-or-Nothing Thinking
"Бәрі мені мазақтайды.",All-or-Nothing Thinking
"No one cares about me.",All-or-Nothing Thinking
"Я никогда не смогу похудеть.",All-or-Nothing Thinking
"Менің өмірім түкке тұрғысыз.",All-or-Nothing Thinking
"I will never succeed.",All-or-Nothing Thinking
"Никто мне не поможет.",All-or-Nothing Thinking
"Мен әрқашан жалғыз қаламын.",All-or-Nothing Thinking
"Он не ответил, он точно меня ненавидит.",Mind Reading
"Ол мені ақымақ деп ойлайды.",Mind Reading
"Everyone is laughing at my outfit.",Mind Reading
"Профессор думает, что я ленивый.",Mind Reading
"Олар мені жамандап жатыр.",Mind Reading
"She thinks I'm weird.",Mind Reading
"Они точно обсуждают меня за спиной.",Mind Reading
"Мұғалім мені жек көреді.",Mind Reading
"He definitely thinks I'm stupid.",Mind Reading
"Я знаю, что я провалю этот экзамен.",Mind Reading
"Олар менің киіміме күліп жатыр.",Mind Reading
"They think I'm a loser.",Mind Reading
"Она не поздоровалась, она на меня злится.",Mind Reading
"Ол мені ұнатпайды деп ойлаймын.",Mind Reading
"Everyone thinks I'm boring.",Mind Reading
"Я уверен, что они не хотят со мной общаться.",Mind Reading
"Олар мені кедей деп ойлайды.",Mind Reading
"He thinks I'm not good enough.",Mind Reading
"Начальник думает, что я некомпетентен.",Mind Reading
"Ол мені өтірікші деп санайды.",Mind Reading
"They are judging my accent.",Mind Reading
"Я знаю, что они смеются надо мной.",Mind Reading
"Олар мені жалқау деп ойлайды.",Mind Reading
"She thinks I'm annoying.",Mind Reading
"Друзья думают, что я скучный.",Mind Reading
"Ол мені ұсқынсыз деп ойлайды.",Mind Reading
"Everyone assumes I'm dumb.",Mind Reading
"Они точно не возьмут меня на работу.",Mind Reading
"Олар менің сөзіме сенбейді.",Mind Reading
"He thinks I'm desperate.",Mind Reading
"Я знаю, что она мне откажет.",Mind Reading
"Мұғалім мені құлатады деп ойлаймын.",Mind Reading
"They think I have no life.",Mind Reading
"Они думают, что я странный.",Mind Reading
"Ол мені ақшасыз деп ойлайды.",Mind Reading
"She thinks I'm trying too hard.",Mind Reading
"Я уверен, что всем наплевать.",Mind Reading
"Олар мені түк білмейді деп ойлайды.",Mind Reading
"He is judging me right now.",Mind Reading
"Девушки думают, что я некрасивый.",Mind Reading
"Ол мені әлсіз деп санайды.",Mind Reading
"They think I'm a fraud.",Mind Reading
"Я знаю, что родители разочарованы во мне.",Mind Reading
"Олар мені өсектеп жатыр.",Mind Reading
"Everyone thinks I don't belong here.",Mind Reading
"Она посмотрела на меня так, будто я идиот.",Mind Reading
"Ол мені жақсы көрмейді.",Mind Reading
"They probably hate me.",Mind Reading
"Я знаю, что все пойдет не так.",Mind Reading
"Олар менің үстімнен күліп жатыр.",Mind Reading
"Я сегодня очень устал.",Neutral / Venting
"Мен емтиханнан төмен балл алдым.",Neutral / Venting
"I'm so stressed about finals.",Neutral / Venting
"У меня болит голова.",Neutral / Venting
"Автобус кешігіп жатыр.",Neutral / Venting
"I miss my family.",Neutral / Venting
"Еда в столовой была холодной.",Neutral / Venting
"Мен шаршадым.",Neutral / Venting
"I have too much homework.",Neutral / Venting
"Я не знаю, как решить эту задачу.",Neutral / Venting
"Ақшам таусылып қалды.",Neutral / Venting
"I'm feeling anxious today.",Neutral / Venting
"Погода ужасная.",Neutral / Venting
"Сабақ оқығым келмейді.",Neutral / Venting
"I failed the quiz.",Neutral / Venting
"Мне грустно.",Neutral / Venting
"Мен жалғызсырап жүрмін.",Neutral / Venting
"It's too cold outside.",Neutral / Venting
"Я поссорился с другом.",Neutral / Venting
"Интернет істемей тұр.",Neutral / Venting
"I'm worried about money.",Neutral / Venting
"Я забыл ключи в комнате.",Neutral / Venting
"Мен ауырып қалдым.",Neutral / Venting
"This lecture is boring.",Neutral / Venting
"Я не успеваю сдать проект.",Neutral / Venting
"Ұйқым келіп тұр.",Neutral / Venting
"I need to study more.",Neutral / Venting
"У меня нет настроения.",Neutral / Venting
"Бүгін күн жаман болып тұр.",Neutral / Venting
"I'm really hungry.",Neutral / Venting
"Я потерял проездной.",Neutral / Venting
"Менің компьютерім бұзылып қалды.",Neutral / Venting
"It's hard to focus.",Neutral / Venting
"Я хочу спать.",Neutral / Venting
"Менің басым ауырып тұр.",Neutral / Venting
"I feel overwhelmed.",Neutral / Venting
"Мне нужно найти работу.",Neutral / Venting
"Сабақтан қалдым.",Neutral / Venting
"My phone died.",Neutral / Venting
"Я опоздал на пару.",Neutral / Venting
"Мен үйге қайтқым келеді.",Neutral / Venting
"I'm not ready for the exam.",Neutral / Venting
"У меня стресс.",Neutral / Venting
"Көңіл-күйім жоқ.",Neutral / Venting
"It's been a long week.",Neutral / Venting
"Я устал учиться.",Neutral / Venting
"Мен қатты қобалжып тұрмын.",Neutral / Venting
"I need a break.",Neutral / Venting
"Мне скучно.",Neutral / Venting
"Мен ештеңе үлгермей жатырмын.",Neutral / Venting
"i literally failed one quiz and now i might as well drop out, there is no point.",All-or-Nothing Thinking
"если я не получу стажировку в гугле, то я просто зря живу.",All-or-Nothing Thinking
"Ешқашан ешкім мені шын сүймейді, мен мәңгі жалғыз өтемін.",All-or-Nothing Thinking
"My roommate didn't say bless you when I sneezed, she definitely hates my guts.",Mind Reading
"Профессор посмотрел на меня косо, он сто проц знает что я не читал ридинг.",Mind Reading
"Олар сыбырласып жатыр, менің киімімді мазақ қылып тұрғаны анық.",Mind Reading
"I am so cooked for this exam, I haven't slept in 24 hours.",Neutral / Venting
"Башка просто раскалывается, не могу заставить себя встать с кровати.",Neutral / Venting
"Ақша мүлдем жоқ, стипендияға дейін қалай өмір сүрем хз.",Neutral / Venting
"If I'm not the smartest person in the room, I am a total waste of space.",All-or-Nothing Thinking
"Я либо сделаю это идеально, либо вообще не буду начинать, нафиг надо.",All-or-Nothing Thinking
"Егер мен гранттан ұшсам, менің өмірім бітті деген сөз.",All-or-Nothing Thinking
"They haven't replied in 10 minutes, they are ghosting me because I'm boring.",Mind Reading
"Она не лайкнула мою сторис, она точно обиделась на вчерашнее.",Mind Reading
"Мұғалім менің сұрағымды елемеді, мені ақымақ деп ойлайтын шығар.",Mind Reading
"I miss my mom's food so much, dorm food is literally poison.",Neutral / Venting
"Устала притворяться что у меня все норм, хочется просто орать.",Neutral / Venting
"Сабақтан шаршадым, бүгін вообще ештеңе істегім келмейді.",Neutral / Venting
"I always mess up every single relationship I have.",All-or-Nothing Thinking
"Никто и никогда меня не поймет, я инопланетянин какой-то.",All-or-Nothing Thinking
"Мен әрқашан жолы болмайтын адаммын, бәрі бекер.",All-or-Nothing Thinking
"everyone in the library is looking at me and judging how loud i type.",Mind Reading
"Он прошел мимо и не поздоровался, он меня презирает.",Mind Reading
"Достарым менсіз қыдырып кетті, мен оларға керек емеспін.",Mind Reading
"My back hurts so bad from sitting in this uncomfortable chair all day.",Neutral / Venting
"Опять проспал первую пару, какой же я лох, ненавижу себя.",Neutral / Venting
"Күн суық, далаға шыққым келмейді, жылағым келеді.",Neutral / Venting
"My life is completely over if I don't pass this calculus final.",All-or-Nothing Thinking
"Я тупой, я просто тупой, у меня никогда ничего не получится.",All-or-Nothing Thinking
"Ешқашан бақытты бола алмаймын, бұл менің тағдырым.",All-or-Nothing Thinking
"She yawned while I was talking, I must be the most boring person alive.",Mind Reading
"Родители молчат, они наверняка разочарованы моими оценками.",Mind Reading
"Ол маған жаман қарады, мені жек көретінін білемін.",Mind Reading
"I have 3 deadlines tomorrow and I haven't started any of them.",Neutral / Venting
"Настроение на нуле, хочется просто лежать и смотреть в потолок.",Neutral / Venting
"Бүгін өте ауыр күн болды, ешкіммен сөйлескім келмейді.",Neutral / Venting
"I am incapable of doing anything right, I'm a total disaster.",All-or-Nothing Thinking
"Вся моя жизнь — это одна сплошная ошибка.",All-or-Nothing Thinking
"Менің қолымнан ештеңе келмейді, мен толықтай пайдасызбын.",All-or-Nothing Thinking
"The cashier was rude to me, she probably thinks I'm broke.",Mind Reading
"Друзья смеялись, они точно обсуждали мою новую прическу.",Mind Reading
"Ол менің хатымды оқыды бірақ жауап бермеді, мені ұнатпайды.",Mind Reading
"I'm so stressed I think I'm gonna throw up.",Neutral / Venting
"Опять этот чертов автобус опаздывает, я замерз как собака.",Neutral / Venting
"Емтиханнан құладым, енді пересдача, ақшаны қайдан табам.",Neutral / Venting
"No one will ever love me because I am unlovable.",All-or-Nothing Thinking
"Все вокруг успешные, а я полное ничтожество.",All-or-Nothing Thinking
"Мен әрқашан бәрін бүлдіремін, менің жолым болмайды.",All-or-Nothing Thinking
"They invited me last minute, they probably just feel sorry for me.",Mind Reading
"Он не улыбнулся при встрече, он точно злится на меня.",Mind Reading
"Олар мені топқа қосқысы келмейді, мені ақылсыз деп ойлайды.",Mind Reading
"I just want to sleep for a week and not talk to anyone.",Neutral / Venting
"Как же меня бесит этот групповой проект, никто ничего не делает.",Neutral / Venting
"Басым жарылып бара жатыр, дәрі де көмектеспейді.",Neutral / Venting
"I am 100% going to fail life.",All-or-Nothing Thinking
"Если я сейчас съем это печенье, я жирная свинья.",All-or-Nothing Thinking
"Егер мен осы жолы жеңбесем, мен ешкім емеспін.",All-or-Nothing Thinking
"He keeps looking at his phone, he wishes he was somewhere else.",Mind Reading
"Она сказала 'нормально', значит она считает мою работу ужасной.",Mind Reading
"Ол мені көргісі келмейді, мен оны шаршаттым.",Mind Reading
"really anxious about the presentation today, shaking rn.",Neutral / Venting
"Нет сил даже зубы почистить, какой же я уставший.",Neutral / Venting
"Жалғыздықтан шаршадым, біреумен сөйлескім келеді.",Neutral / Venting
"Every single person I meet is better than me.",All-or-Nothing Thinking
"Моя жизнь — это тотальный провал, ничего хорошего не будет.",All-or-Nothing Thinking
"Мен ешқашан ағылшынша еркін сөйлей алмаймын.",All-or-Nothing Thinking
"The whole class went silent when I walked in, they were talking about me.",Mind Reading
"Они переглянулись, они точно считают меня кринжовым.",Mind Reading
"Мұғалім менің жауабыма күлді, мені мазақ қылып тұр.",Mind Reading
"i have zero motivation to study for this quiz.",Neutral / Venting
"Почему так сложно просто быть нормальным человеком.",Neutral / Venting
"Сабақ оқуға зауқым жоқ, тек ұйықтағым келеді.",Neutral / Venting
"I will never be happy, it's impossible for me.",All-or-Nothing Thinking
"Я всегда все порчу в самый ответственный момент.",All-or-Nothing Thinking
"Менің өмірімде ешқашан жақсылық болмайды.",All-or-Nothing Thinking
"She blocked me on insta, she definitely hates my guts.",Mind Reading
"Он не позвал меня гулять, он считает меня скучным.",Mind Reading
"Олар мені кедей деп ойлайды, сондықтан шақырмады.",Mind Reading
"my bank account is literally empty, i'm starving.",Neutral / Venting
"Так одиноко в этой общаге, хоть на стену лезь.",Neutral / Venting
"Үйді қатты сағындым, мамамның тамағын жегім келеді.",Neutral / Venting
"Nothing I do ever matters.",All-or-Nothing Thinking
"Я никогда не найду друзей, я обречен на одиночество.",All-or-Nothing Thinking
"Бәрі мені жек көреді, мен ешкімге керек емеспін.",All-or-Nothing Thinking
"They are whispering, I know it's about my acne.",Mind Reading
"Она посмотрела на мои ботинки, она думает у меня нет вкуса.",Mind Reading
"Ол менің даусымды ұнатпайды, сондықтан сөйлеспейді.",Mind Reading
"so tired of writing these essays, brain is frying.",Neutral / Venting
"Не могу сосредоточиться, мысли путаются, страшно.",Neutral / Venting
"Көңіл-күйім жоқ, ешкімді көргім келмейді.",Neutral / Venting
"I am completely worthless if I don't get this scholarship.",All-or-Nothing Thinking
"Все всегда меня бросают.",All-or-Nothing Thinking
"Мен ешқашан емтиханнан құлаған емеспін, енді мен ақымақпын.",All-or-Nothing Thinking
"He's typing for so long, he's writing a breakup text.",Mind Reading
"Она так посмотрела, она точно знает мой секрет.",Mind Reading
"Олар мені аңдып жүрген сияқты, маған күледі.",Mind Reading
"crying in the library bathroom rn lol.",Neutral / Venting
"Меня трясет перед этим выступлением, я не готов.",Neutral / Venting
"Шаршадым, бәрінен шаршадым, демалғым келеді.",Neutral / Venting
"My entire future depends on this one grade.",All-or-Nothing Thinking
"Я полное разочарование для своей семьи.",All-or-Nothing Thinking
"Мен ешқашан бай болмаймын, кедей болып өтемін.",All-or-Nothing Thinking
"She didn't laugh at my joke, she thinks I'm cringe.",Mind Reading
"Они не позвали меня на обед, они меня ненавидят.",Mind Reading
"Ол менімен сөйлескісі келмейді, мен оны мезі қылдым.",Mind Reading
"I literally can't do this anymore, it's too much.",Neutral / Venting
"Грустно, что лето закончилось и опять эта рутина.",Neutral / Venting
"Апай ұрысты, көңіл-күйім түсіп кетті.",Neutral / Venting
"I never do anything right.",All-or-Nothing Thinking
"Никто в этом мире меня не любит.",All-or-Nothing Thinking
"Менің қолымнан түк келмейді.",All-or-Nothing Thinking
"The interviewer looked bored, he thinks I'm incompetent.",Mind Reading
"Она не ответила на историю, я ей безразличен.",Mind Reading
"Олар мені сыйламайды деп ойлаймын.",Mind Reading
"missed the deadline by 1 minute, im so mad.",Neutral / Venting
"Просто хочется лежать и чтобы меня никто не трогал.",Neutral / Venting
"Қарным ашты, асханада тамақ дәмсіз.",Neutral / Venting
"It's always me who gets left behind.",All-or-Nothing Thinking
"Я никогда не стану нормальным программистом.",All-or-Nothing Thinking
"Мен ешқашан арықтамаймын.",All-or-Nothing Thinking
"They are speaking Kazakh so I won't understand them talking about me.",Mind Reading
"Он вздохнул, я его раздражаю.",Mind Reading
"Олар менің киіміме қарап күліп тұр.",Mind Reading
"my roommate is so loud i cant sleep.",Neutral / Venting
"Завалил собеседование, обидно до слез.",Neutral / Venting
"Ештеңе істегім келмейді, тек ұйықтасам деймін.",Neutral / Venting
"I'm a total failure as a human being.",All-or-Nothing Thinking
"Я всегда буду одинок.",All-or-Nothing Thinking
"Менің өмірімнің мәні жоқ.",All-or-Nothing Thinking
"She said she's busy, she just doesn't want to see me.",Mind Reading
"Он не смотрит мне в глаза, он врет или презирает.",Mind Reading
"Ол мені қызғаншақ деп ойлайды.",Mind Reading
"coffee spilled all over my notes fml.",Neutral / Venting
"Чувствую себя разбитым сегодня.",Neutral / Venting
"Автобус бұзылып қалды, сабаққа кешігетін болдым.",Neutral / Venting
"I totally bombed that presentation, everyone thinks I'm an idiot.",All-or-Nothing Thinking
"Если я не сдам этот проект, меня точно отчислят, и жизнь кончена.",All-or-Nothing Thinking
"Мен ешқашан дұрыс шешім қабылдай алмаймын, мен ақымақпын.",All-or-Nothing Thinking
"My crush didn't look at me today, he definitely hates me now.",Mind Reading
"Начальник не похвалил меня, он считает меня бесполезным.",Mind Reading
"Олар мені шақырмады, демек мені жек көреді.",Mind Reading
"I feel so drained, I can barely keep my eyes open.",Neutral / Venting
"Живот болит от стресса, не могу ничего есть.",Neutral / Venting
"Бүгін ауа райы жаман, көңіл-күйім де сондай.",Neutral / Venting
"If I make one mistake, I'm a complete failure.",All-or-Nothing Thinking
"Я всегда все усложняю, я невыносимый человек.",All-or-Nothing Thinking
"Менің өмірім ешқашан өзгермейді, бәрі нашар.",All-or-Nothing Thinking
"She's whispering to her friend, they are definitely mocking me.",Mind Reading
"Он не перезвонил, он думает, что я навязчивая.",Mind Reading
"Мұғалім маған қатал қарады, мені құлататын шығар.",Mind Reading
"I'm so behind on my assignments, I don't know where to start.",Neutral / Venting
"Так обидно, что я не прошел отбор в клуб.",Neutral / Venting
"Достарыммен ұрысып қалдым, өзімді жаман сезінемін.",Neutral / Venting
"Everyone else has their life figured out except me.",All-or-Nothing Thinking
"Я никогда не найду любовь, я обречен быть один.",All-or-Nothing Thinking
"Мені ешкім түсінбейді, мен жалғызбын.",All-or-Nothing Thinking
"They stopped talking when I entered, they must have been gossiping about me.",Mind Reading
"Она посмотрела на мои руки, она думает, что они уродливые.",Mind Reading
"Олар мені ақымақ деп ойлайды, өйткені мен үндемедім.",Mind Reading
"I just want to cry in my room all day.",Neutral / Venting
"Голова кружится от усталости, мне нужен отдых.",Neutral / Venting
"Ақша жетпей жатыр, не істерімді білмеймін.",Neutral / Venting
"My entire existence is a mistake.",All-or-Nothing Thinking
"Я всегда выбираю неправильный путь.",All-or-Nothing Thinking
"Мен ешқашан жетістікке жете алмаймын.",All-or-Nothing Thinking
"He didn't like my post, he thinks I'm ugly.",Mind Reading
"Они смеются, они точно надо мной смеются.",Mind Reading
"Ол маған жауап бермеді, мені елемейді.",Mind Reading
"I'm so overwhelmed with everything right now.",Neutral / Venting
"Чувствую себя таким одиноким в этом огромном городе.",Neutral / Venting
"Сабақ оқуға күшім жоқ, шаршадым.",Neutral / Venting
"I will never be good enough for my parents.",All-or-Nothing Thinking
"Я полный ноль в математике, я никогда не пойму это.",All-or-Nothing Thinking
"Менің болашағым бұлыңғыр, ештеңе жақсы болмайды.",All-or-Nothing Thinking
"The professor sighed when I answered, he thinks I'm stupid.",Mind Reading
"Она не позвала меня на день рождения, она меня ненавидит.",Mind Reading
"Олар мені қызықсыз деп ойлайды.",Mind Reading
"I feel like I'm drowning in work.",Neutral / Venting
"Так грустно, что каникулы закончились.",Neutral / Venting
"Бүгін ештеңеге үлгермедім, өзіме ренжулімін.",Neutral / Venting
"Everyone is judging me all the time.",All-or-Nothing Thinking
"Я никогда не смогу купить квартиру.",All-or-Nothing Thinking
"Мен ешқашан арықтай алмаймын, мен семізбін.",All-or-Nothing Thinking
"They are looking at my shoes, they think I'm poor.",Mind Reading
"Он не ответил на сообщение, он меня игнорирует.",Mind Reading
"Ол мені жақсы көрмейді деп ойлаймын.",Mind Reading
"I'm so tired of being tired.",Neutral / Venting
"Не могу найти мотивацию встать с постели.",Neutral / Venting
"Күн суық, жылы киім киюді ұмытып кеттім.",Neutral / Venting
"I always ruin everything good in my life.",All-or-Nothing Thinking
"Я никогда не стану счастливым, это невозможно.",All-or-Nothing Thinking
"Менің өмірім босқа өтіп жатыр.",All-or-Nothing Thinking
"She thinks I'm annoying because I talk too much.",Mind Reading
"Они думают, что я странный, потому что я молчу.",Mind Reading
"Ол мені жалқау деп ойлайды, өйткені мен кешігіп қалдым.",Mind Reading
"I feel really anxious about the future.",Neutral / Venting
"Так хочется просто исчезнуть на время.",Neutral / Venting
"Бүгін өте жаман күн болды.",Neutral / Venting
"Nothing ever goes my way.",All-or-Nothing Thinking
"Я полное разочарование.",All-or-Nothing Thinking
"Мен ешкімге керек емеспін.",All-or-Nothing Thinking
"They think I'm a fraud because I got a good grade.",Mind Reading
"Она думает, что я некрасивая без макияжа.",Mind Reading
"Олар мені ақымақ деп санайды.",Mind Reading
"I'm so stressed out about money.",Neutral / Venting
"Болит спина от сидения за компьютером.",Neutral / Venting
"Тамақ ішкім келмейді, тәбетім жоқ.",Neutral / Venting
"I will never be successful.",All-or-Nothing Thinking
"Я всегда буду неудачником.",All-or-Nothing Thinking
"Мен ешқашан ағылшынша үйренбеймін.",All-or-Nothing Thinking
"He thinks I'm desperate for attention.",Mind Reading
"Они думают, что я высокомерный.",Mind Reading
"Ол мені өзімшіл деп ойлайды.",Mind Reading
"I feel like giving up.",Neutral / Venting
"Очень устал от учебы и работы.",Neutral / Venting
"Ұйқым қанбады, шаршап тұрмын.",Neutral / Venting
"My life is a total mess.",All-or-Nothing Thinking
"Я никогда не смогу это сделать.",All-or-Nothing Thinking
"Мен ешқашан бақытты болмаймын.",All-or-Nothing Thinking
"She thinks I'm trying too hard to impress her.",Mind Reading
"Они думают, что я не знаю, о чем говорю.",Mind Reading
"Ол мені түк білмейді деп ойлайды.",Mind Reading
"I'm just really sad today.",Neutral / Venting
"Нет настроения ни на что.",Neutral / Venting
"Көңіл-күйім жоқ, жылағым келеді.",Neutral / Venting
"I'm completely hopeless.",All-or-Nothing Thinking
"Я всегда все делаю неправильно.",All-or-Nothing Thinking
"Менің қолымнан ештеңе келмейді.",All-or-Nothing Thinking
"They think I'm weird for eating alone.",Mind Reading
"Она думает, что я скучный.",Mind Reading
"Олар мені ұнатпайды.",Mind Reading
"I'm feeling a bit down lately.",Neutral / Venting
"Просто хочу спать и не просыпаться.",Neutral / Venting
"Шаршадым, демалғым келеді.",Neutral / Venting
"I'll never be good at anything.",All-or-Nothing Thinking
"Я полный идиот.",All-or-Nothing Thinking
"Мен ешқашан бай болмаймын.",All-or-Nothing Thinking
"He thinks I'm annoying.",Mind Reading
"Они думают, что я глупый.",Mind Reading
"Ол мені жалқау деп санайды.",Mind Reading
"I'm so overwhelmed.",Neutral / Venting
"У меня стресс из-за экзаменов.",Neutral / Venting
"Қатты қобалжып тұрмын.",Neutral / Venting
"Nobody likes me.",All-or-Nothing Thinking
"Я никогда не найду друзей.",All-or-Nothing Thinking
"Мені ешкім сыйламайды.",All-or-Nothing Thinking
"She thinks I'm ugly.",Mind Reading
"Они смеются надо мной.",Mind Reading
"Ол мені жек көреді.",Mind Reading
"I feel lonely.",Neutral / Venting
"Мне грустно.",Neutral / Venting
"Мен жалғызбын.",Neutral / Venting
"I'm a total failure.",All-or-Nothing Thinking
"Я всегда ошибаюсь.",All-or-Nothing Thinking
"Мен ешқашан жеңбеймін.",All-or-Nothing Thinking
"They think I'm a loser.",Mind Reading
"Она думает, что я странный.",Mind Reading
"Олар мені ақымақ дейді.",Mind Reading
"I'm tired.",Neutral / Venting
"Я устал.",Neutral / Venting
"Мен шаршадым.",Neutral / Venting
"My life is ruined.",All-or-Nothing Thinking
"Я никогда не буду счастлив.",All-or-Nothing Thinking
"Мен бақытсызбын.",All-or-Nothing Thinking
"He hates me.",Mind Reading
"Они меня ненавидят.",Mind Reading
"Ол мені жек көреді.",Mind Reading
"I'm sad.",Neutral / Venting
"Мне плохо.",Neutral / Venting
"Маған қиын.",Neutral / Venting
"If I don't get accepted into this internship, I might as well just quit my major right now.",All-or-Nothing Thinking
"Пропустил одну лекцию, теперь точно завалю весь курс и вылечу из универа.",All-or-Nothing Thinking
"Егер мен осы жобаны дұрыс жасамасам, мен ешкімге керек емес маман боламын.",All-or-Nothing Thinking
"My lab partner hasn't replied to my message in an hour, they definitely think I'm annoying and want to switch partners.",Mind Reading
"Девушка в автобусе посмотрела на меня и отвернулась, она точно подумала, что я урод.",Mind Reading
"Ол менің сөзімді бөлді, демек менің пікірімді түкке тұрғысыз деп санайды.",Mind Reading
"My sleep schedule is so messed up, I fell asleep at 6 am and woke up at 2 pm.",Neutral / Venting
"На карте осталось 500 тенге, а до стипендии еще неделя, придется жить на дошираке.",Neutral / Venting
"Бүгін сабақта ештеңе түсінбедім, миым шаршап кетті.",Neutral / Venting
"Every time I try to speak in class, I sound like a complete idiot.",All-or-Nothing Thinking
"Я никогда не смогу выучить этот язык, у меня просто нет способностей, я безнадежен.",All-or-Nothing Thinking
"Менің қолымнан ешқашан дұрыс қарым-қатынас құру келмейді, мен жалғыз өтемін.",All-or-Nothing Thinking
"The professor didn't smile when I handed in my paper, he probably thinks it's garbage.",Mind Reading
"Друзья пошли в кино без меня, они наверняка обсуждают, какой я скучный.",Mind Reading
"Ол маған смайликсіз жазды, маған қатты ренжулі екені анық.",Mind Reading
"I am so overwhelmed with all these deadlines, I feel like I can't breathe.",Neutral / Venting
"Сосед по комнате опять слушает музыку без наушников, меня это так бесит.",Neutral / Venting
"Автобус тым толы болды, әрең сыйдым, енді терлеп тұрмын.",Neutral / Venting
"I am always the one who gets left out, nobody actually cares about me.",All-or-Nothing Thinking
"Если я не получу А за этот экзамен, то я просто зря трачу время и деньги родителей.",All-or-Nothing Thinking
"Мен ешқашан ата-анамның үмітін ақтай алмаймын, мен масқарамын.",All-or-Nothing Thinking
"They are laughing over there, I bet they are making fun of the way I walk.",Mind Reading
"Она не лайкнула мою новую фотку, она считает, что я плохо выгляжу.",Mind Reading
"Олар мені шақырғысы келмеді, жай ғана аяғаннан шақырды.",Mind Reading
"I miss my dog so much, it's hard being away from home.",Neutral / Venting
"Погода в Астане просто ужасная, этот ветер сводит меня с ума.",Neutral / Venting
"Тамақ істеуге ерініп тұрмын, дайын тамақ ала салу керек.",Neutral / Venting
"My life is going nowhere, I am stuck and will never improve.",All-or-Nothing Thinking
"Я всегда все ломаю, мне нельзя доверять ничего важного.",All-or-Nothing Thinking
"Менің болашағым жоқ, мен ешкім болмаймын.",All-or-Nothing Thinking
"He read my message and didn't reply, he must be so annoyed with me.",Mind Reading
"Они переглянулись, когда я зашел, они точно говорили обо мне гадости.",Mind Reading
"Мұғалім маған сұрақ қоймады, мені дайын емес деп ойлайды.",Mind Reading
"I'm really stressed about money right now, tuition is so expensive.",Neutral / Venting
"Болит горло и голова, кажется, я заболеваю.",Neutral / Venting
"Күнде бір нәрсе, шаршадым осы күйбең тірліктен.",Neutral / Venting
"I am completely incapable of being loved.",All-or-Nothing Thinking
"Все вокруг такие талантливые, а я просто пустое место.",All-or-Nothing Thinking
"Мен ешқашан бақытты бола алмаймын, маңдайыма жазылмаған.",All-or-Nothing Thinking
"The barista gave me a weird look, she probably thinks I ordered a stupid drink.",Mind Reading
"Он не поздоровался, он точно меня ненавидит за то, что я сказал вчера.",Mind Reading
"Олар менімен сөйлескісі келмейді, мен оларды жалықтырып жібердім.",Mind Reading
"I just want to curl up in a ball and disappear for a while.",Neutral / Venting
"Как же сложно заставить себя сесть за учебу, прокрастинация убивает.",Neutral / Venting
"Аяғым ауырып тұр, бүгін көп жүрдім.",Neutral / Venting
"If I'm not perfect, I'm worthless.",All-or-Nothing Thinking
"Я никогда не найду работу, я буду безработным неудачником.",All-or-Nothing Thinking
"Бәрі мені тастап кетеді, менің жанымда ешкім қалмайды.",All-or-Nothing Thinking
"She's looking at her watch, she is definitely bored of me.",Mind Reading
"Они не смеялись над моей шуткой, они думают, что я кринжовый.",Mind Reading
"Ол мені ақымақ деп ойлайды, өйткені мен қате жауап бердім.",Mind Reading
"I'm feeling really homesick today, I want to go back.",Neutral / Venting
"Интернет в общаге опять тупит, невозможно ничего делать.",Neutral / Venting
"Кітапханада орын жоқ, қайда барып оқитынымды білмеймін.",Neutral / Venting
"Nothing good ever happens to me, I'm cursed.",All-or-Nothing Thinking
"Я всегда буду один, никто меня не выдержит.",All-or-Nothing Thinking
"Мен ешқашан емтиханды беске тапсыра алмаймын.",All-or-Nothing Thinking
"They are whispering, they must be talking about my hair.",Mind Reading
"Он прошел мимо, он делает вид, что не знает меня.",Mind Reading
"Олар мені кедей деп ойлайды, сондықтан менімен араласпайды.",Mind Reading
"I'm so exhausted, I feel like I could sleep for days.",Neutral / Venting
"Надоело есть одно и то же каждый день.",Neutral / Venting
"Ертеңгі күнге дайын емеспін, қорқып тұрмын.",Neutral / Venting
"I ruin every chance I get.",All-or-Nothing Thinking
"Я никогда не научусь программировать, это не для меня.",All-or-Nothing Thinking
"Менің өмірім толығымен қирады.",All-or-Nothing Thinking
"She didn't text me good morning, she's losing interest.",Mind Reading
"Они думают, что я странный, потому что я сижу один.",Mind Reading
"Ол мені ұсқынсыз деп ойлайды, сондықтан қарамайды.",Mind Reading
"I have a headache that won't go away.",Neutral / Venting
"Забыл зонтик, промок до нитки.",Neutral / Venting
"Сабаққа баруға ерініп тұрмын.",Neutral / Venting
"I will never be as good as them.",All-or-Nothing Thinking
"Я полный провал.",All-or-Nothing Thinking
"Мен ешқашан бай болмаймын.",All-or-Nothing Thinking
"He thinks I'm lazy because I took a break.",Mind Reading
"Она думает, что я глупая.",Mind Reading
"Олар мені жек көреді.",Mind Reading
"I feel like crying.",Neutral / Venting
"Мне грустно.",Neutral / Venting
"Ішім пысты.",Neutral / Venting
"I'm a total loser.",All-or-Nothing Thinking
"Я всегда все порчу.",All-or-Nothing Thinking
"Мен түкке тұрғысызбын.",All-or-Nothing Thinking
"They think I'm weird.",Mind Reading
"Они меня осуждают.",Mind Reading
"Ол мені мазақтайды.",Mind Reading
"I'm tired.",Neutral / Venting
"Устал.",Neutral / Venting
"Шаршадым.",Neutral / Venting
"My life is over.",All-or-Nothing Thinking
"Я ничтожество.",All-or-Nothing Thinking
"Мен сорлымын.",All-or-Nothing Thinking
"He hates me.",Mind Reading
"Она меня ненавидит.",Mind Reading
"Олар мені жек көреді.",Mind Reading
"I'm sad.",Neutral / Venting
"Мне плохо.",Neutral / Venting
"Маған қиын.",Neutral / Venting
"Everything is ruined.",All-or-Nothing Thinking
"Я безнадежен.",All-or-Nothing Thinking
"Бәрі бітті.",All-or-Nothing Thinking
"They laugh at me.",Mind Reading
"Они думают я лох.",Mind Reading
"Ол мені менсінбейді.",Mind Reading
"I'm bored.",Neutral / Venting
"Скучно.",Neutral / Venting
"Іш пысты.",Neutral / Venting
"I fail at everything.",All-or-Nothing Thinking
"Я всегда проигрываю.",All-or-Nothing Thinking
"Менің жолым болмайды.",All-or-Nothing Thinking
"She thinks I'm ugly.",Mind Reading
"Он считает меня тупым.",Mind Reading
"Олар мені ақымақ дейді.",Mind Reading
"I'm hungry.",Neutral / Venting
"Есть хочу.",Neutral / Venting
"Қарным ашты.",Neutral / Venting
"Forever alone.",All-or-Nothing Thinking
"Всегда один.",All-or-Nothing Thinking
"Мәңгі жалғыз.",All-or-Nothing Thinking
"They hate me.",Mind Reading
"Все против меня.",Mind Reading
"Бәрі маған қарсы.",Mind Reading
"It's raining.",Neutral / Venting
"Дождь идет.",Neutral / Venting
"Жаңбыр жауып тұр.",Neutral / Venting
"I'm useless.",All-or-Nothing Thinking
"Я бесполезен.",All-or-Nothing Thinking
"Мен керек емеспін.",All-or-Nothing Thinking
"Judged by everyone.",Mind Reading
"Все осуждают.",Mind Reading
"Бәрі сынайды.",Mind Reading
"Tired.",Neutral / Venting
"Устал.",Neutral / Venting
"Шаршадым.",Neutral / Venting
"I failed the driver's test, I will never learn how to drive.",All-or-Nothing Thinking
"Если я не найду работу этим летом, то я полный неудачник.",All-or-Nothing Thinking
"Менің достарым жоқ, мен ешқашан дос таба алмаймын.",All-or-Nothing Thinking
"The bus driver frowned at me, he definitely thinks I'm slow.",Mind Reading
"Она не позвала меня в гости, она считает меня скучной.",Mind Reading
"Олар мені топқа қоспады, мені ақылсыз деп ойлайды.",Mind Reading
"I have a stomach ache from eating too much junk food.",Neutral / Venting
"Забыл дома зарядку от телефона, теперь весь день без связи.",Neutral / Venting
"Бүгін өте шаршадым, ештеңе істегім келмейді.",Neutral / Venting
"If I can't solve this math problem, I'm too stupid for this major.",All-or-Nothing Thinking
"Я всегда опаздываю, я неисправимый человек.",All-or-Nothing Thinking
"Мен ешқашан ағылшын тілін үйренбеймін, менің қабілетім жоқ.",All-or-Nothing Thinking
"They are whispering about my project, I know they think it's bad.",Mind Reading
"Он не ответил на мой звонок, он меня игнорирует.",Mind Reading
"Ол маған қарамады, маған ренжулі екені анық.",Mind Reading
"I'm so stressed about the upcoming exams.",Neutral / Venting
"Не могу найти свои ключи, я такой рассеянный.",Neutral / Venting
"Ауа райы бұзылып тұр, далаға шыққым келмейді.",Neutral / Venting
"Nobody cares about my opinion, I should just stop talking forever.",All-or-Nothing Thinking
"Я никогда не буду счастлив в отношениях.",All-or-Nothing Thinking
"Менің өмірімде ешқашан жақсылық болмайды.",All-or-Nothing Thinking
"She looked at my shoes and smirked, she thinks I'm poor.",Mind Reading
"Они не пригласили меня, они меня ненавидят.",Mind Reading
"Олар мені мазақтап жатыр, мен білемін.",Mind Reading
"I feel like I'm coming down with a cold.",Neutral / Venting
"Очень хочется спать, но нужно закончить работу.",Neutral / Venting
"Ақшам таусылып қалды, стипендияға дейін қалай өмір сүрем?",Neutral / Venting
"I'm a total failure at everything I do.",All-or-Nothing Thinking
"Я всегда все порчу, я ходячая катастрофа.",All-or-Nothing Thinking
"Мен ешқашан жетістікке жете алмаймын.",All-or-Nothing Thinking
"He thinks I'm annoying because I talk too much.",Mind Reading
"Она думает, что я глупая, потому что я задала этот вопрос.",Mind Reading
"Ол мені жақсы көрмейді, мен оны шаршаттым.",Mind Reading
"I'm so overwhelmed with all the work I have to do.",Neutral / Venting
"Голова болит от шума в общежитии.",Neutral / Venting
"Көңіл-күйім жоқ, ешкімді көргім келмейді.",Neutral / Venting
"I will never amount to anything.",All-or-Nothing Thinking
"Я никогда не смогу купить машину.",All-or-Nothing Thinking
"Менің болашағым жоқ.",All-or-Nothing Thinking
"They think I'm a fraud because I got a lucky grade.",Mind Reading
"Они думают, что я странный, потому что я сижу один.",Mind Reading
"Ол мені жалқау деп ойлайды.",Mind Reading
"I'm just really tired today.",Neutral / Venting
"Мне грустно из-за плохой погоды.",Neutral / Venting
"Шаршадым, ұйықтағым келеді.",Neutral / Venting
"I always make the wrong decisions.",All-or-Nothing Thinking
"Я полный ноль.",All-or-Nothing Thinking
"Мен ешкімге керек емеспін.",All-or-Nothing Thinking
"She thinks I'm ugly.",Mind Reading
"Он считает меня неудачником.",Mind Reading
"Олар мені ақымақ деп санайды.",Mind Reading
"I'm hungry.",Neutral / Venting
"Хочу домой.",Neutral / Venting
"Ішім пысты.",Neutral / Venting
"My life is over.",All-or-Nothing Thinking
"Я безнадежен.",All-or-Nothing Thinking
"Бәрі бітті.",All-or-Nothing Thinking
"He hates me.",Mind Reading
"Она меня презирает.",Mind Reading
"Ол мені жек көреді.",Mind Reading
"I'm sad.",Neutral / Venting
"Мне плохо.",Neutral / Venting
"Маған қиын.",Neutral / Venting
"I'm useless.",All-or-Nothing Thinking
"Я ничтожество.",All-or-Nothing Thinking
"I failed one quiz and now my GPA is ruined forever.",ALL_OR_NOTHING
"Everyone in this university is smarter than me, I am the only idiot here.",ALL_OR_NOTHING
"Если я не сдам этот финал, то вся моя жизнь пойдет под откос.",ALL_OR_NOTHING
"I never get lucky with registration, the system is always against me.",ALL_OR_NOTHING
"Никто меня не понимает, я абсолютно один в этом мире.",ALL_OR_NOTHING
"My code didn't run on the first try, I'm a complete failure as a programmer.",ALL_OR_NOTHING
"Все девушки смотрят на меня как на мусор, я никогда никого не найду.",ALL_OR_NOTHING
"This degree is a total waste of time, I haven't learned a single thing.",ALL_OR_NOTHING
"Я всегда все порчу, руки из жопы растут.",ALL_OR_NOTHING
"There is absolutely no point in trying anymore.",ALL_OR_NOTHING
"Все вокруг такие успешные, а я просто занимаю чье-то место.",ALL_OR_NOTHING
"I will never be able to afford a normal life.",ALL_OR_NOTHING
"У меня вообще нет талантов, я бездарность.",ALL_OR_NOTHING
"Everything I touch turns to shit.",ALL_OR_NOTHING
"Никогда не будет просвета, это бесконечный ад.",ALL_OR_NOTHING
"Only I could be this stupid to forget the deadline.",ALL_OR_NOTHING
"Все преподы меня ненавидят, это факт.",ALL_OR_NOTHING
"My parents will kill me if I get a B, I have to be perfect.",ALL_OR_NOTHING
"Я либо сдам на А, либо я ничтожество.",ALL_OR_NOTHING
"Nobody cares about student mental health here, absolutely nobody.",ALL_OR_NOTHING
"I am completely incapable of love.",ALL_OR_NOTHING
"Жизнь — это сплошное страдание и больше ничего.",ALL_OR_NOTHING
"It’s always the same, I try hard and get nothing back.",ALL_OR_NOTHING
"Я никогда не выучу этот язык, я тупой.",ALL_OR_NOTHING
"Everyone is judging my outfit today, I look hideous.",ALL_OR_NOTHING
"Если меня отчислят, мне лучше умереть.",ALL_OR_NOTHING
"I’m total trash.",ALL_OR_NOTHING
"Все парни одинаковые, им нужно только одно.",ALL_OR_NOTHING
"I will never find a job with this GPA.",ALL_OR_NOTHING
"Никто не хочет со мной дружить.",ALL_OR_NOTHING
"Every time I speak up I embarrass myself.",ALL_OR_NOTHING
"У меня никогда ничего не получается с первого раза.",ALL_OR_NOTHING
"I am the worst student in the history of this department.",ALL_OR_NOTHING
"Все выходные прошли впустую, я ничего не сделал.",ALL_OR_NOTHING
"My life is completely over after this breakup.",ALL_OR_NOTHING
"Я всегда буду бедным.",ALL_OR_NOTHING
"Nothing good ever happens to me.",ALL_OR_NOTHING
"Все ненавидят групповые проекты, это закон.",ALL_OR_NOTHING
"I have absolutely no future.",ALL_OR_NOTHING
"Я всегда выбираю неправильные решения.",ALL_OR_NOTHING
"Every single person in the library is studying harder than me.",ALL_OR_NOTHING
"У меня нет ни единого шанса.",ALL_OR_NOTHING
"I’m completely burnout, I can’t do anything right.",ALL_OR_NOTHING
"Все считают меня странным.",ALL_OR_NOTHING
"I’ll be lonely forever.",ALL_OR_NOTHING
"Это конец, я завалил мидку.",ALL_OR_NOTHING
"Everyone ignores me on purpose.",ALL_OR_NOTHING
"Я никогда не стану нормальным специалистом.",ALL_OR_NOTHING
"Total failure.",ALL_OR_NOTHING
"Все против меня.",ALL_OR_NOTHING
"The professor definitely thinks I'm lazy because I skipped one class.",MIND_READING
"Она не ответила на сообщение сразу, значит я ей противен.",MIND_READING
"I know I'm going to fail this exam even though I studied.",MIND_READING
"Все в столовой смотрят на меня и обсуждают, как я ем.",MIND_READING
"They are probably laughing at my presentation right now.",MIND_READING
"Адвайзер наверняка думает, что я идиот, раз задаю такие вопросы.",MIND_READING
"My roommate is quiet, he must be mad at me for something.",MIND_READING
"Если я пойду туда, то точно опозорюсь.",MIND_READING
"Everyone thinks I'm weird.",MIND_READING
"Препод специально занизил мне оценку, я ему не нравлюсь.",MIND_READING
"I bet they invited me just out of pity.",MIND_READING
"Родители наверняка разочарованы во мне, хоть и молчат.",MIND_READING
"If I ask for help, they will think I'm weak.",MIND_READING
"Они шептались, когда я зашел. Это точно про меня.",MIND_READING
"I just know something bad is going to happen today.",MIND_READING
"Комиссия меня точно завалит на защите.",MIND_READING
"She smiled at me, she must be mocking me.",MIND_READING
"Друзья не позвали меня гулять, наверное, хотят от меня избавиться.",MIND_READING
"I can feel that everyone in the chat hates me.",MIND_READING
"Я знаю, что не пройду интервью, даже нет смысла пытаться.",MIND_READING
"He thinks I'm flirting but I'm just being nice.",MIND_READING
"Кассирша закатила глаза, она меня ненавидит.",MIND_READING
"They think I cheated just because I got a good grade.",MIND_READING
"Меня точно отчислят в этом семестре, я чувствую.",MIND_READING
"People think I'm rich because of my phone, but I'm broke.",MIND_READING
"Никто не верит, что я справлюсь.",MIND_READING
"The interviewer looked bored, I definitely didn't get the job.",MIND_READING
"Парень посмотрел на другую, я ему больше не интересна.",MIND_READING
"They are judging my accent.",MIND_READING
"Кажется, все видят, как у меня трясутся руки.",MIND_READING
"My friends think I'm annoying.",MIND_READING
"Они наверняка обсуждают мои прыщи.",MIND_READING
"I know the teacher will pick me to answer when I don't know the answer.",MIND_READING
"Все думают, что я поступил по блату.",MIND_READING
"They are only being nice because they want notes.",MIND_READING
"Кажется, я всем мешаю своим присутствием.",MIND_READING
"I know she's lying to me.",MIND_READING
"Они думают, что я высокомерный, а я просто стесняюсь.",MIND_READING
"Everyone is waiting for me to make a mistake.",MIND_READING
"Работодатель подумает, что мое резюме пустое.",MIND_READING
"They probably think I'm stupid for asking that.",MIND_READING
"Все считают меня неудачником.",MIND_READING
"She didn't say hi, she definitely holds a grudge.",MIND_READING
"Охранник смотрит на меня как на вора.",MIND_READING
"I assume nobody wants to partner with me.",MIND_READING
"Они точно смеются над моим английским.",MIND_READING
"My crush probably thinks I'm ugly.",MIND_READING
"Все ждут моего провала.",MIND_READING
"He thinks he is better than me.",MIND_READING
"Препод наверняка потеряет мою работу.",MIND_READING
"I am so tired of these constant deadlines.",DISTRESS
"Грустно, что лето так быстро закончилось.",DISTRESS
"I have a headache from staring at the screen all day.",DISTRESS
"Денег осталось только на гречку, сложно так жить.",DISTRESS
"I miss my family back home.",DISTRESS
"Очень тяжело вставать по утрам, когда темно.",DISTRESS
"I feel really overwhelmed with the workload this week.",DISTRESS
"Почему так холодно в общаге?",DISTRESS
"I just want to sleep for a week.",DISTRESS
"Стресс перед экзаменами убивает.",DISTRESS
"My laptop broke and I can't afford a new one rn.",DISTRESS
"Чувствую себя одиноко в последнее время.",DISTRESS
"It hurts to see them together.",DISTRESS
"Не знаю, как сказать родителям, что я получил F.",DISTRESS
"I'm feeling down today for no reason.",DISTRESS
"Очень устал от людей, хочется тишины.",DISTRESS
"The bus was late again and I froze.",DISTRESS
"Не могу сосредоточиться на учебе.",DISTRESS
"I am worried about my financial situation.",DISTRESS
"Плакала всю ночь из-за парня.",DISTRESS
"It's hard to balance work and study.",DISTRESS
"Просто нет сил ни на что.",DISTRESS
"I hate having 8 AM classes.",DISTRESS
"Обидно, что меня не взяли на стажировку.",DISTRESS
"My back hurts from sitting in the library.",DISTRESS
"Скучаю по маминой еде.",DISTRESS
"I feel anxious about the future.",DISTRESS
"Меня бесит этот шум за стеной.",DISTRESS
"I'm just really exhausted.",DISTRESS
"Тяжело, когда друзья далеко.",DISTRESS
"I don't know what to do with my major.",DISTRESS
"Страшно идти к стоматологу.",DISTRESS
"Feeling burnout is real.",DISTRESS
"Надоело есть доширак.",DISTRESS
"I wish I had more free time.",DISTRESS
"Грустно смотреть на старые фотки.",DISTRESS
"I feel awkward at parties.",DISTRESS
"Бесит, когда интернет лагает во время квиза.",DISTRESS
"I am struggling with calculus.",DISTRESS
"Так хочется домой.",DISTRESS
"My sleep schedule is messed up.",DISTRESS
"Переживаю за здоровье бабушки.",DISTRESS
"I feel empty inside.",DISTRESS
"Сложно найти мотивацию.",DISTRESS
"It's raining and I forgot my umbrella, day ruined.",DISTRESS
"Устала быть сильной.",DISTRESS
"I'm nervous about the presentation.",DISTRESS
"Не люблю, когда меня игнорируют.",DISTRESS
"Just feeling sad today.",DISTRESS
"Болит душа.",DISTRESS
"My life is over if I don't get into this specific course.",ALL_OR_NOTHING
"I am the only person on earth who doesn't understand stats.",ALL_OR_NOTHING
"Если я получу B-, я никогда не поступлю на магу.",ALL_OR_NOTHING
"Everyone else is having the time of their lives while I rot in the library.",ALL_OR_NOTHING
"My code has a bug, I should just drop out of CS right now.",ALL_OR_NOTHING
"Я всегда все порчу в отношениях, я проклят.",ALL_OR_NOTHING
"This university is absolute trash, nothing works here.",ALL_OR_NOTHING
"Никто и никогда меня не полюбит таким.",ALL_OR_NOTHING
"I failed the interview, I'm destined to be unemployed forever.",ALL_OR_NOTHING
"Все презирают меня.",ALL_OR_NOTHING
"My GPA dropped by 0.1, I'm a total failure.",ALL_OR_NOTHING
"I’ll never understand physics, my brain is broken.",ALL_OR_NOTHING
"Вокруг одни лицемеры, никому нельзя верить.",ALL_OR_NOTHING
"Every single group project I get the worst teammates in history.",ALL_OR_NOTHING
"If I don't lose weight, I'm disgusting.",ALL_OR_NOTHING
"Я абсолютно бесполезен для общества.",ALL_OR_NOTHING
"My parents are perfect and I am the black sheep.",ALL_OR_NOTHING
"Nobody replies to me, I must be invisible.",ALL_OR_NOTHING
"Это полный провал, хуже быть не может.",ALL_OR_NOTHING
"I will always be anxious, it never gets better.",ALL_OR_NOTHING
"Все нормальные люди уже нашли стажировку, кроме меня.",ALL_OR_NOTHING
"My creative writing is garbage, I should stop writing forever.",ALL_OR_NOTHING
"Я никогда не высплюсь.",ALL_OR_NOTHING
"Everything sucks.",ALL_OR_NOTHING
"I have zero friends.",ALL_OR_NOTHING
"Если я опоздаю на минуту, препод меня убьет.",ALL_OR_NOTHING
"There is absolutely no hope for me.",ALL_OR_NOTHING
"Я всегда выгляжу как клоун.",ALL_OR_NOTHING
"Everyone is fake.",ALL_OR_NOTHING
"I ruined everything with one text message.",ALL_OR_NOTHING
"Никто не ценит мой труд, абсолютно никто.",ALL_OR_NOTHING
"This is the worst day of my life.",ALL_OR_NOTHING
"I’m incapable of doing anything right.",ALL_OR_NOTHING
"Вся система против меня.",ALL_OR_NOTHING
"I’ll be alone for the rest of my life.",ALL_OR_NOTHING
"Это катастрофа вселенского масштаба.",ALL_OR_NOTHING
"I never win anything.",ALL_OR_NOTHING
"Все считают, что я ленивый, хотя я пашу как конь.",ALL_OR_NOTHING
"Nothing makes sense anymore.",ALL_OR_NOTHING
"Я полное ничтожество без диплома.",ALL_OR_NOTHING
"Every time I try, I fail.",ALL_OR_NOTHING
"У меня никогда не будет денег.",ALL_OR_NOTHING
"It’s either perfection or failure, there is no in-between.",ALL_OR_NOTHING
"Все ненавидят мой голос.",ALL_OR_NOTHING
"I’m completely done with people.",ALL_OR_NOTHING
"Моя жизнь — это одна большая ошибка.",ALL_OR_NOTHING
"Nobody understands my pain.",ALL_OR_NOTHING
"I am total trash at Valorant and at life.",ALL_OR_NOTHING
"Все всегда меня бросают.",ALL_OR_NOTHING
"It’s hopeless.",ALL_OR_NOTHING
"She looked at my shoes, she definitely thinks I'm poor.",MIND_READING
"Препод так посмотрел, будто я сказал самую тупую вещь в мире.",MIND_READING
"They didn't invite me, they must be talking behind my back.",MIND_READING
"I bet everyone in the Zoom call is laughing at my background.",MIND_READING
"Она не лайкнула фотку, я ей разонравился.",MIND_READING
"The barista was rude, I probably look ugly today.",MIND_READING
"Everyone thinks I'm a try-hard because I answer questions.",MIND_READING
"Родители молчат, они точно узнали про мои оценки.",MIND_READING
"He read my message and didn't reply, he's definitely ghosting me.",MIND_READING
"Все в спортзале смеются над тем, как я поднимаю веса.",MIND_READING
"I know the TA hates grading my papers.",MIND_READING
"Друзья переглянулись, это точно какой-то прикол надо мной.",MIND_READING
"They think I'm weird for eating alone.",MIND_READING
"Наверняка они обсуждают, как я опозорился на презентации.",MIND_READING
"She assumes I'm stupid just because I'm quiet.",MIND_READING
"В чате тишина, они точно создали отдельный чат без меня.",MIND_READING
"I feel like everyone is judging my acne.",MIND_READING
"Professor sighed, he definitely thinks I'm a lost cause.",MIND_READING
"Парень на остановке посмотрел криво, он хочет меня ударить.",MIND_READING
"They are only pretending to be my friends.",MIND_READING
"HR didn't smile, I definitely failed the interview.",MIND_READING
"Они думают, что я богатенький сынок, и ненавидят меня.",MIND_READING
"I just know she's going to break up with me.",MIND_READING
"Все думают, что я наркоман из-за моих синяков под глазами.",MIND_READING
"He thinks I'm flirting, but I'm just polite.",MIND_READING
"Она точно считает меня скучным.",MIND_READING
"People think I'm lazy but I have depression.",MIND_READING
"My roommate is slamming doors, she's mad at me.",MIND_READING
"Все уверены, что я не сдам этот экзамен.",MIND_READING
"They think I cheated.",MIND_READING
"Адвайзер наверняка считает меня проблемным студентом.",MIND_READING
"I know they are judging my music taste.",MIND_READING
"Они думают, я ничего не понимаю по-казахски.",MIND_READING
"Everyone assumes I'm okay but I'm not.",MIND_READING
"Она посмотрела на часы, я ей надоел.",MIND_READING
"He thinks I'm desperate.",MIND_READING
"Все в автобусе смотрят на меня осуждающе.",MIND_READING
"My groupmates think I'm slacking off.",MIND_READING
"Они наверняка смеются над моим пальто.",MIND_READING
"I know the professor is going to call on me when I'm not listening.",MIND_READING
"Все считают меня выскочкой.",MIND_READING
"They think I don't belong here.",MIND_READING
"Она точно обсуждает меня с подругами.",MIND_READING
"He thinks I'm weird.",MIND_READING
"Работодатель подумает, что я вру в резюме.",MIND_READING
"They are judging my food choices.",MIND_READING
"Все думают, что у меня нет личной жизни.",MIND_READING
"She definitely hates my guts.",MIND_READING
"Они считают меня ребенком.",MIND_READING
"I assume everyone knows my secrets.",MIND_READING
"I drank too much coffee and now I'm shaking.",DISTRESS
"Хочется просто лежать и смотреть в потолок.",DISTRESS
"Registration for classes starts at 6 AM, whyyyy.",DISTRESS
"I have three deadlines tomorrow and I haven't started.",DISTRESS
"У меня дикая бессонница уже неделю.",DISTRESS
"My stomach hurts from cafeteria food.",DISTRESS
"I spent my last money on printing.",DISTRESS
"Очень грустно, что я не увижу семью на праздники.",DISTRESS
"The wifi in the dorm is so slow, I can't study.",DISTRESS
"I'm feeling really burnt out lately.",DISTRESS
"Потерял наушники, день испорчен.",DISTRESS
"It's -30 outside, I don't want to go to class.",DISTRESS
"I miss my dog so much it hurts.",DISTRESS
"Сложно учиться, когда соседи шумят.",DISTRESS
"I got rejected from the club I wanted to join.",DISTRESS
"Голова раскалывается.",DISTRESS
"I'm just so tired of pretending everything is fine.",DISTRESS
"Почему так дорого стоит такси?",DISTRESS
"My skin is breaking out from stress.",DISTRESS
"I feel like crying for no reason.",DISTRESS
"Опоздал на автобус, теперь ждать 20 минут на холоде.",DISTRESS
"I don't understand this assignment at all.",DISTRESS
"Очень хочется домой, к маме.",DISTRESS
"My laptop battery died during the lecture.",DISTRESS
"Feeling lonely tonight.",DISTRESS
"Тяжело совмещать работу и учебу.",DISTRESS
"I'm worried about my grades.",DISTRESS
"Не могу уснуть из-за тревоги.",DISTRESS
"I have social battery at 0%.",DISTRESS
"Скучно и грустно.",DISTRESS
"I need a hug.",DISTRESS
"Цены в столовке подняли, жесть.",DISTRESS
"I feel overwhelmed by everything.",DISTRESS
"Просто устал.",DISTRESS
"Study motivation is gone.",DISTRESS
"У меня нет сил готовить ужин.",DISTRESS
"I hate group projects so much.",DISTRESS
"Болит спина от этих неудобных стульев.",DISTRESS
"I feel disconnected from reality.",DISTRESS
"Не знаю, как закрыть долги по учебе.",DISTRESS
"It's so dark in the mornings now.",DISTRESS
"Feeling homesick.",DISTRESS
"Забыл про квиз, обидно.",DISTRESS
"I'm stressed about money.",DISTRESS
"Нет настроения ни с кем говорить.",DISTRESS
"My eyes hurt from reading pdfs.",DISTRESS
"Хочу спать, но надо ботать.",DISTRESS
"I'm anxious about tomorrow.",DISTRESS
"Грустная музыка на репите.",DISTRESS
"Just exhausted.",DISTRESS
"If I don't get an A in this course, my entire scholarship is gone forever.",ALL_OR_NOTHING
"Nobody in this world cares if I live or die.",ALL_OR_NOTHING
"Я всегда буду один, это моя судьба.",ALL_OR_NOTHING
"This assignment is impossible, literally no one can solve it.",ALL_OR_NOTHING
"My roommate is perfect and I am a complete slob.",ALL_OR_NOTHING
"Если я не найду работу до выпуска, я бомж.",ALL_OR_NOTHING
"Everyone hates me, I can feel it.",ALL_OR_NOTHING
"I have absolutely zero talent for coding.",ALL_OR_NOTHING
"Жизнь кончена, меня бросила девушка.",ALL_OR_NOTHING
"I never get enough sleep, always tired, it never ends.",ALL_OR_NOTHING
"Все преподы хотят меня завалить.",ALL_OR_NOTHING
"There is no point in studying, I will fail anyway.",ALL_OR_NOTHING
"Я полный ноль в математике.",ALL_OR_NOTHING
"Everything is ruined because I overslept.",ALL_OR_NOTHING
"Никто меня не слышит.",ALL_OR_NOTHING
"I am the ugliest person on campus.",ALL_OR_NOTHING
"Все вокруг лицемеры.",ALL_OR_NOTHING
"My parents will never be proud of me.",ALL_OR_NOTHING
"Это полный пиздец, выхода нет.",ALL_OR_NOTHING
"I am always the second choice for everyone.",ALL_OR_NOTHING
"Ничего хорошего меня не ждет.",ALL_OR_NOTHING
"Every time I open my mouth, I say something stupid.",ALL_OR_NOTHING
"Я абсолютно ничего не добился к 20 годам.",ALL_OR_NOTHING
"It’s totally hopeless.",ALL_OR_NOTHING
"Все нормальные парни уже заняты.",ALL_OR_NOTHING
"I’m completely cooked on this exam.",ALL_OR_NOTHING
"Меня никто не понимает.",ALL_OR_NOTHING
"My future is pitch black.",ALL_OR_NOTHING
"Я всегда все порчу.",ALL_OR_NOTHING
"Everyone else is smarter, faster, and better than me.",ALL_OR_NOTHING
"I will never pay off my debts.",ALL_OR_NOTHING
"Это конец.",ALL_OR_NOTHING
"Absolutely nothing brings me joy anymore.",ALL_OR_NOTHING
"Все смеются надо мной.",ALL_OR_NOTHING
"I am a total burden to my family.",ALL_OR_NOTHING
"Никогда не везет.",ALL_OR_NOTHING
"The system is completely broken.",ALL_OR_NOTHING
"Я самый тупой студент в группе.",ALL_OR_NOTHING
"Everyone ignores my messages.",ALL_OR_NOTHING
"I’m useless.",ALL_OR_NOTHING
"Вся жизнь — это боль.",ALL_OR_NOTHING
"I will never learn Kazakh properly.",ALL_OR_NOTHING
"Total disaster.",ALL_OR_NOTHING
"Все смотрят на меня с отвращением.",ALL_OR_NOTHING
"I am completely alone.",ALL_OR_NOTHING
"У меня никогда не будет нормальных отношений.",ALL_OR_NOTHING
"Everyone is fake in this city.",ALL_OR_NOTHING
"My life is a complete joke.",ALL_OR_NOTHING
"Я всегда проигрываю.",ALL_OR_NOTHING
"Nothing matters.",ALL_OR_NOTHING
"The security guard looked at my ID too long, he thinks it's fake.",MIND_READING
"Она не поздоровалась, значит, она на меня обижена.",MIND_READING
"I know the professor thinks my question was dumb.",MIND_READING
"Все в лифте молчали, потому что я плохо пахну.",MIND_READING
"They are whispering about my grades.",MIND_READING
"Парень не перезвонил, он точно хочет расстаться.",MIND_READING
"Everyone thinks I'm rich and spoiled.",MIND_READING
"I bet they have a separate group chat without me.",MIND_READING
"Препод думает, что я списал, я вижу это по его лицу.",MIND_READING
"She smiled out of pity.",MIND_READING
"Они думают, что я странный, потому что я не пью.",MIND_READING
"The interviewer looked at the clock, I'm boring him.",MIND_READING
"My friends think I'm a burden.",MIND_READING
"Все считают меня высокомерным.",MIND_READING
"They are judging my presentation skills right now.",MIND_READING
"Мама вздохнула, она разочарована во мне.",MIND_READING
"He thinks I'm easy.",MIND_READING
"Они точно смеются над моей прической.",MIND_READING
"I know I won't get the scholarship, no point applying.",MIND_READING
"Все думают, что я глупый.",MIND_READING
"She viewed my story but didn't like it, she hates me.",MIND_READING
"Они обсуждают мои недостатки.",MIND_READING
"I feel like everyone is watching me eat.",MIND_READING
"Professor ignored my hand, he dislikes me.",MIND_READING
"Родители думают, что я трачу время впустую.",MIND_READING
"They assume I'm lazy.",MIND_READING
"Она думает, что я сталкер.",MIND_READING
"Everyone is waiting for me to fail.",MIND_READING
"Коллеги считают меня некомпетентным.",MIND_READING
"I know she's lying about being busy.",MIND_READING
"Они думают, я не понимаю их намеков.",MIND_READING
"People judge me for smoking.",MIND_READING
"My crush probably thinks I'm ugly.",MIND_READING
"Все уверены, что меня отчислят.",MIND_READING
"He thinks I'm annoying.",MIND_READING
"Они смотрят на мои дешевые кроссовки.",MIND_READING
"I know the TA is going to grade me harshly.",MIND_READING
"Все думают, что я клоун.",MIND_READING
"They think I don't deserve this place.",MIND_READING
"Она точно обсуждает меня с бывшим.",MIND_READING
"I assume nobody wants to sit next to me.",MIND_READING
"Все считают, что у меня нет вкуса.",MIND_READING
"They are laughing at my accent.",MIND_READING
"Он думает, что я навязываюсь.",MIND_READING
"I know something bad will happen if I go there.",MIND_READING
"Они считают меня неудачником.",MIND_READING
"Everyone thinks I'm awkward.",MIND_READING
"She hates my guts, I just know it.",MIND_READING
"Они думают, я странная.",MIND_READING
"People assume I'm rude because I'm shy.",MIND_READING
"I have 2000 tenge to last me two weeks.",DISTRESS
"Устала от вечного ветра в Астане.",DISTRESS
"I failed the IELTS mock test.",DISTRESS
"Грустно, что друзья разъехались.",DISTRESS
"My head hurts from stress.",DISTRESS
"I feel so unmotivated to study for finals.",DISTRESS
"Сложно найти нормальную еду в кампусе.",DISTRESS
"I miss my hometown.",DISTRESS
"Проспал пару, теперь придется отрабатывать.",DISTRESS
"I'm feeling really lonely in this big city.",DISTRESS
"Тревожно из-за новостей.",DISTRESS
"My laptop is overheating again.",DISTRESS
"I don't know how to tell my parents about my grades.",DISTRESS
"Очень холодно в комнате.",DISTRESS
"I feel sick but I can't skip class.",DISTRESS
"Настроение на нуле.",DISTRESS
"I have too many deadlines this week.",DISTRESS
"Обидно до слез.",DISTRESS
"Money is tight right now.",DISTRESS
"I'm exhausted from working night shifts.",DISTRESS
"Скучаю по коту.",DISTRESS
"It's hard to make friends here.",DISTRESS
"I feel overwhelmed by expectations.",DISTRESS
"Живот болит от нервов.",DISTRESS
"I just want to cry.",DISTRESS
"Тяжело быть взрослым.",DISTRESS
"I hate this weather.",DISTRESS
"Не могу сосредоточиться.",DISTRESS
"I feel left out.",DISTRESS
"Устала бороться.",DISTRESS
"My anxiety is spiking today.",DISTRESS
"Грустная песня добила.",DISTRESS
"I'm worried about the future.",DISTRESS
"Просто нет сил.",DISTRESS
"I feel invisible sometimes.",DISTRESS
"Сложно вставать по утрам.",DISTRESS
"I dislike my major but it's too late to switch.",DISTRESS
"Боюсь не сдать сессию.",DISTRESS
"Feeling homesick and sad.",DISTRESS
"Разбил телефон, денег на ремонт нет.",DISTRESS
"I'm tired of being strong.",DISTRESS
"Очень хочется спать.",DISTRESS
"My social battery is drained.",DISTRESS
"Переживаю из-за отношений.",DISTRESS
"I feel lost.",DISTRESS
"Надоело все.",DISTRESS
"Traffic in this city is a nightmare.",DISTRESS
"I'm struggling with mental health.",DISTRESS
"Просто грустно.",DISTRESS
"Burnout is hitting hard.",DISTRESS